timestamp_utc,pulso_pid,procesos,cpu_pct,privada_mb,conjunto_trabajo_mb,conexiones_externas,nota
2026-10-05T23:02:39,6172,7,0,69.7,308,3,
2026-10-05T23:03:54,6172,7,0,35.6,277.5,1,
2026-10-05T23:04:58,6172,7,0,37.1,200.5,0,
2026-10-05T23:06:00,6172,7,0,27.3,72.2,0,
2026-10-05T23:07:02,6172,7,0,36.9,105.5,0,
2026-10-05T23:08:06,6172,7,0,40.8,111.8,0,
2026-10-05T23:09:08,6172,7,0,36.9,108.2,0,
2026-10-05T23:10:12,6172,7,0,37.5,109.1,0,
2026-10-05T23:11:14,6172,7,0,40.3,112.7,0,
2026-10-05T23:12:17,6172,7,0,41.5,114.1,0,
2026-10-05T23:13:21,6172,7,0,41.8,114.5,0,
2026-10-05T23:14:24,6172,7,0,36,109.2,0,
2026-10-05T23:15:27,6172,7,1.593,74,218.3,0,
2026-10-05T23:16:30,6172,7,0,68.6,213.2,0,
2026-10-05T23:17:33,6172,7,0,68.6,213.2,0,
2026-10-05T23:18:36,6172,7,0,68.3,213,0,
2026-10-05T23:19:39,6172,7,0,26.9,171.6,0,
2026-10-05T23:20:48,6172,7,0,27.1,171.9,0,
2026-10-05T23:21:52,6172,7,0,27.2,172,0,
2026-10-05T23:22:54,6172,7,0,27.2,172,0,
2026-10-05T23:23:56,6172,7,0,15.9,161.3,0,
2026-10-05T23:24:58,6172,7,0,16.2,161.6,0,
2026-10-05T23:26:01,6172,7,0,17.5,164,0,
2026-10-05T23:27:04,6172,7,0,17.5,164,0,
2026-10-05T23:28:07,6172,7,0,17.4,164,0,
2026-10-05T23:29:10,6172,7,0,17.1,163.8,0,
2026-10-05T23:30:13,6172,7,0,17.9,124.5,0,
2026-10-05T23:31:16,6172,7,0,18.8,126.3,0,
2026-10-05T23:32:19,6172,7,0,19.1,126.6,0,
2026-10-05T23:33:22,6172,7,0,19.5,127,0,
2026-10-05T23:34:24,6172,7,0,24.4,137,0,
2026-10-05T23:35:27,6172,7,0,23.7,136.3,0,
2026-10-05T23:36:30,6172,7,0,23.9,136.6,0,
2026-10-05T23:37:39,6172,7,0,24,136.7,0,
2026-10-05T23:38:42,6172,7,0,24.1,136.8,0,
2026-10-05T23:39:44,6172,7,0,19.4,132.2,0,
2026-10-05T23:40:46,6172,7,0,19.7,132.5,0,
2026-10-05T23:41:48,6172,7,0,20,132.9,0,
2026-10-05T23:42:51,6172,7,0,20.1,133,0,
2026-10-05T23:43:55,6172,7,0,10.9,116.3,0,
2026-10-05T23:44:58,6172,7,0,11.2,116.6,0,
2026-10-05T23:46:02,6172,7,0,13.9,103.1,0,
2026-10-05T23:47:07,6172,7,0,14.3,65.7,0,
2026-10-05T23:48:15,6172,7,0,14.7,66.4,0,
2026-10-05T23:49:20,6172,7,0,12.3,64,0,
2026-10-05T23:50:23,6172,7,0,13.9,65.6,0,
2026-10-05T23:51:26,6172,7,0,14.7,66.5,0,
2026-10-05T23:52:29,6172,7,0,15.3,67,0,
2026-10-05T23:53:32,6172,7,0,15.5,67.3,0,
2026-10-05T23:54:42,6172,7,0,14.4,66.4,0,
2026-10-05T23:55:45,6172,7,0,14.7,66.7,0,
2026-10-05T23:56:47,6172,7,0,14.9,66.9,0,
2026-10-05T23:57:49,6172,7,0,15.1,67.2,0,
2026-10-05T23:58:52,6172,7,0,15.1,67.1,0,
2026-10-05T23:59:55,6172,7,0,11.6,63.7,0,
2026-10-06T00:00:57,6172,7,0,12.1,64.2,0,
2026-10-06T00:02:00,6172,7,0,14.1,67.3,0,
2026-10-06T00:03:03,6172,7,0,14.3,67.5,0,
2026-10-06T00:04:05,6172,7,0,14.3,67.5,0,
2026-10-06T00:05:08,6172,7,0,14.5,67.8,0,
# FIN
